{
	"info": {
		"_postman_id": "c4ce6914-6f59-45f7-803f-ba1a05740e7e",
		"name": "backendapi",
		"schema": "https://schema.getpostman.com/json/collection/v2.1.0/collection.json",
		"_exporter_id": "30612104"
	},
	"item": [
		{
			"name": "User Registration",
			"request": {
				"method": "GET",
				"header": []
			},
			"response": []
		},
		{
			"name": "Login",
			"request": {
				"method": "GET",
				"header": []
			},
			"response": []
		},
		{
			"name": "user profile",
			"request": {
				"method": "GET",
				"header": []
			},
			"response": []
		},
		{
			"name": "Change User Password",
			"request": {
				"method": "POST",
				"header": [
					{
						"key": "Accept",
						"value": "application/json",
						"type": "text"
					},
					{
						"key": "Authorization",
						"value": "Bearer eyJhbGciOiJIUzI1NiIsInR5cCI6IkpXVCJ9.eyJ0b2tlbl90eXBlIjoiYWNjZXNzIiwiZXhwIjoxNjk3NzQ1NjU1LCJpYXQiOjE2OTc3NDQ0NTUsImp0aSI6IjY3MGRkMzFlN2Q3MDRiODg5YTU0ZjhlNjQzYTZmYzE4IiwidXNlcl9pZCI6Mn0.I4zI21TuCvbzocrMSxQu0k6ho8g79t1hFB9Pr6NeTTw",
						"type": "text"
					}
				],
				"url": {
					"raw": "http://127.0.0.1:8000/api/user/changepassword/",
					"protocol": "http",
					"host": [
						"127",
						"0",
						"0",
						"1"
					],
					"port": "8000",
					"path": [
						"api",
						"user",
						"changepassword",
						""
					]
				}
			},
			"response": []
		}
	]
}